t,I,M,P,model,gene
-100,5.115995809754168,0.24691922522521165,57.8654280097765,GR,1
-99,5.115995809754168,0.24691923256013132,57.94187483731259,GR,1
-98,5.115995809754168,0.24691923919987493,58.01680831840884,GR,1
-97,5.115995809754168,0.24691924519029143,58.09025812601023,GR,1
-96,5.115995809754168,0.24691925060474976,58.16225328067531,GR,1
-95,5.115995809754168,0.24691925551833047,58.2328228008045,GR,1
-94,5.115995809754168,0.2469192599705225,58.30199534968686,GR,1
-93,5.115995809754168,0.24691926398080663,58.36979817007617,GR,1
-92,5.115995809754168,0.24691926760786082,58.43625816414889,GR,1
-91,5.115995809754168,0.24691927090992946,58.50140223188256,GR,1
-90,5.115995809754168,0.24691927390454127,58.565256700188236,GR,1
-89,5.115995809754168,0.2469192766079376,58.627846659280614,GR,1
-88,5.115995809754168,0.24691927905467162,58.68919704583589,GR,1
-87,5.115995809754168,0.2469192812782335,58.74933277580337,GR,1
-86,5.115995809754168,0.24691928329520638,58.808277985101164,GR,1
-85,5.115995809754168,0.24691928512032713,58.86605584342448,GR,1
-84,5.115995809754168,0.24691928677081695,58.92268946386183,GR,1
-83,5.115995809754168,0.246919288263962,58.97820189368221,GR,1
-82,5.115995809754168,0.24691928961538892,59.0326152460282,GR,1
-81,5.115995809754168,0.24691929083777872,59.08595095841855,GR,1
-80,5.115995809754168,0.24691929194361395,59.138230454956286,GR,1
-79,5.115995809754168,0.2469192929432213,59.18947501366006,GR,1
-78,5.115995809754168,0.2469192938439541,59.23970490608538,GR,1
-77,5.115995809754168,0.2469192946579813,59.28893999245349,GR,1
-76,5.115995809754168,0.24691929539768315,59.337200132499916,GR,1
-75,5.115995809754168,0.24691929606808186,59.38450491924337,GR,1
-74,5.115995809754168,0.24691929667137885,59.430872973786194,GR,1
-73,5.115995809754168,0.24691929721713213,59.476322705478715,GR,1
-72,5.115995809754168,0.24691929771476387,59.520872521103286,GR,1
-71,5.115995809754168,0.24691929816661493,59.564540409511686,GR,1
-70,5.115995809754168,0.24691929857481293,59.60734352871256,GR,1
-69,5.115995809754168,0.24691929894421086,59.649298942924354,GR,1
-68,5.115995809754168,0.24691929927959,59.69042369864212,GR,1
-67,5.115995809754168,0.24691929958419226,59.73073428354659,GR,1
-66,5.115995809754168,0.24691929986008637,59.77024654736932,GR,1
-65,5.115995809754168,0.24691930010935503,59.808976307174696,GR,1
-64,5.115995809754168,0.2469193003342862,59.84693932742387,GR,1
-63,5.115995809754168,0.24691930053777444,59.884150713097476,GR,1
-62,5.115995809754168,0.24691930072182644,59.9206251322487,GR,1
-61,5.115995809754168,0.2469193008883411,59.95637724618074,GR,1
-60,5.115995809754168,0.246919301038711,59.991421603948396,GR,1
-59,5.115995809754168,0.24691930117390695,60.025772055694596,GR,1
-58,5.115995809754168,0.24691930129606182,60.05944219162093,GR,1
-57,5.115995809754168,0.24691930140734528,60.092445601947546,GR,1
-56,5.115995809754168,0.2469193015076587,60.1247958075627,GR,1
-55,5.115995809754168,0.24691930159666858,60.15650551730184,GR,1
-54,5.115995809754168,0.24691930167621606,60.18758710187027,GR,1
-53,5.115995809754168,0.24691930174814236,60.21805293197288,GR,1
-52,5.115995809754168,0.24691930181428862,60.24791537831455,GR,1
-51,5.115995809754168,0.24691930187614655,60.277186793306164,GR,1
-50,5.115995809754168,0.24691930193033135,60.3058789012161,GR,1
-49,5.115995809754168,0.24691930197706174,60.33400278359138,GR,1
-48,5.115995809754168,0.2469193020183434,60.361569510883854,GR,1
-47,5.115995809754168,0.2469193020561821,60.38859015354538,GR,1
-46,5.115995809754168,0.24691930209258356,60.41507578202778,GR,1
-45,5.115995809754168,0.2469193021280033,60.44103735259018,GR,1
-44,5.115995809754168,0.2469193021582045,60.46648498147065,GR,1
-43,5.115995809754168,0.24691930218406158,60.491428548576216,GR,1
-42,5.115995809754168,0.2469193022070347,60.51587794916808,GR,1
-41,5.115995809754168,0.2469193022285843,60.53984307850746,GR,1
-40,5.115995809754168,0.2469193022501706,60.56333383185554,GR,1
-39,5.115995809754168,0.24691930227110678,60.58635981558899,GR,1
-38,5.115995809754168,0.2469193022894272,60.60892987854676,GR,1
-37,5.115995809754168,0.246919302305646,60.63105284236257,GR,1
-36,5.115995809754168,0.24691930232029022,60.65273752954063,GR,1
-35,5.115995809754168,0.24691930233388695,60.67399276258517,GR,1
-34,5.115995809754168,0.24691930234693651,60.69482735515389,GR,1
-33,5.115995809754168,0.24691930235917658,60.71524966736234,GR,1
-32,5.115995809754168,0.24691930237038676,60.73526755946035,GR,1
-31,5.115995809754168,0.24691930238057994,60.7548888915462,GR,1
-30,5.115995809754168,0.24691930238976914,60.77412152371814,GR,1
-29,5.115995809754168,0.24691930239796725,60.792973316074445,GR,1
-28,5.115995809754168,0.24691930240522708,60.81145208042467,GR,1
-27,5.115995809754168,0.24691930241177942,60.82956509579825,GR,1
-26,5.115995809754168,0.24691930241770618,60.84731936947082,GR,1
-25,5.115995809754168,0.2469193024230628,60.864721913212904,GR,1
-24,5.115995809754168,0.2469193024279047,60.881779738795075,GR,1
-23,5.115995809754168,0.24691930243228732,60.8984998579879,GR,1
-22,5.115995809754168,0.2469193024361243,60.914889146946955,GR,1
-21,5.115995809754168,0.24691930243930527,60.93095395558993,GR,1
-20,5.115995809754168,0.2469193024420167,60.94670054492906,GR,1
-19,5.115995809754168,0.24691930244444976,60.96213517729271,GR,1
-18,5.115995809754168,0.2469193024467956,60.97726411500927,GR,1
-17,5.115995809754168,0.24691930244923493,60.99209361774924,GR,1
-16,5.115995809754168,0.2469193024514401,61.006629668917206,GR,1
-15,5.115995809754168,0.24691930245326582,61.02087786810989,GR,1
-14,5.115995809754168,0.24691930245483656,61.03484380698959,GR,1
-13,5.115995809754168,0.2469193024562768,61.048533077218565,GR,1
-12,5.115995809754168,0.24691930245771096,61.0619512704591,GR,1
-11,5.115995809754168,0.2469193024592332,61.07510395094363,GR,1
-10,5.115995809754168,0.2469193024607109,61.08799630802381,GR,1
-9,5.115995809754168,0.246919302462092,61.10063332405273,GR,1
-8,5.115995809754168,0.24691930246335567,61.11301998771488,GR,1
-7,5.115995809754168,0.24691930246448096,61.12516128769482,GR,1
-6,5.115995809754168,0.2469193024654471,61.137062212677066,GR,1
-5,5.115995809754168,0.24691930246631089,61.148727670464176,GR,1
-4,5.115995809754168,0.2469193024672044,61.16016218691442,GR,1
-3,5.115995809754168,0.24691930246807922,61.17137020978414,GR,1
-2,5.115995809754168,0.2469193024688807,61.18235618887945,GR,1
-1,5.115995809754168,0.2469193024695541,61.193124574006504,GR,1
0,-10.308952660644309,0.24691932516381346,61.20367981379212,GR,1
1,-10.308952660644309,4.15933216788655,66.99969091485023,GR,1
2,-10.308952660644309,7.699785475761685,90.94932345888057,GR,1
3,-10.308952660644309,10.90364162923628,131.44872670466347,GR,1
4,-10.308952660644309,13.802900566840124,186.52734286399772,GR,1
5,-10.308952660644309,16.426520273208848,254.41426671995603,GR,1
6,-10.308952660644309,18.800705812055185,333.5182113109219,GR,1
7,-10.308952660644309,20.949171025349745,422.4095409936921,GR,1
8,-10.308952660644309,22.89337539410863,519.8041509486086,GR,1
9,-10.308952660644309,24.652738243227393,624.5490038139594,GR,1
10,-10.308952660644309,26.244832732905483,735.6091257675913,GR,1
11,-10.308952660644309,27.68556147738025,852.0559120383576,GR,1
12,-10.308952660644309,28.989315077764807,973.0566324073111,GR,1
13,-10.308952660644309,30.169116106614098,1097.86495348645,GR,1
14,-10.308952660644309,31.23674911060493,1225.812423788736,GR,1
15,-10.308952660644309,32.20287816205696,1356.3008094848797,GR,1
16,-10.308952660644309,33.07715357886683,1488.7951667359548,GR,1
17,-10.308952660644309,33.86830822757534,1622.8176141395493,GR,1
18,-10.308952660644309,34.58424449737864,1757.9417279918061,GR,1
19,-10.308952660644309,35.23211384654066,1893.787435486184,GR,1
20,-10.308952660644309,35.818387609313525,2030.0164808613436,GR,1
21,-10.308952660644309,36.34892183891805,2166.3282864110693,GR,1
22,-10.308952660644309,36.82901590226006,2302.4562229387316,GR,1
23,-10.308952660644309,37.26346539152183,2438.164250227534,GR,1
24,-10.308952660644309,37.65660993265848,2573.2438887265516,GR,1
25,-10.308952660644309,38.01237650087539,2707.5114822543537,GR,1
26,-10.308952660644309,38.33431876122006,2840.8057179842904,GR,1
27,-10.308952660644309,38.62565255626726,2972.9853939267914,GR,1
28,-10.308952660644309,38.889287987502854,3103.9274048586603,GR,1
29,-10.308952660644309,39.12785842386021,3233.5249247955826,GR,1
30,-10.308952660644309,39.34374688616561,3361.6857578316553,GR,1
31,-10.308952660644309,39.53910985882968,3488.3308527370186,GR,1
32,-10.308952660644309,39.715898812249826,3613.392963072457,GR,1
33,-10.308952660644309,39.87587964615047,3736.815439092627,GR,1
34,-10.308952660644309,40.0206503669326,3858.551132152032,GR,1
35,-10.308952660644309,40.15165707083968,3978.56140637708,GR,1
36,-10.308952660644309,40.27020837964432,4096.8152479788805,GR,1
37,-10.308952660644309,40.377488481897764,4213.288462383788,GR,1
38,-10.308952660644309,40.47456896866339,4327.962947614603,GR,1
39,-10.308952660644309,40.5624196019165,4440.8260356018145,GR,1
40,-10.308952660644309,40.64191778135375,4551.869912305008,GR,1
41,-10.308952660644309,40.71385777241636,4661.091060121042,GR,1
42,-10.308952660644309,40.77895803637022,4768.489807463928,GR,1
43,-10.308952660644309,40.83786898650837,4874.069866225606,GR,1
44,-10.308952660644309,40.89117894383805,4977.837966891331,GR,1
45,-10.308952660644309,40.939420527101895,5079.803481031288,GR,1
46,-10.308952660644309,40.98307552205294,5179.978125121181,GR,1
47,-10.308952660644309,41.022580067756024,5278.375657131276,GR,1
48,-10.308952660644309,41.05832870851075,5375.011632544242,GR,1
49,-10.308952660644309,41.09067858081747,5469.903161765186,GR,1
50,-10.308952660644309,41.11995278779355,5563.068709802872,GR,1
51,-10.308952660644309,41.14644376947026,5654.5279027799115,GR,1
52,-10.308952660644309,41.17041612669929,5744.301363416729,GR,1
53,-10.308952660644309,41.19210932207949,5832.410557306066,GR,1
54,-10.308952660644309,41.21174004710192,5918.877658307292,GR,1
55,-10.308952660644309,41.229504383889584,6003.725426460321,GR,1
56,-10.308952660644309,41.24557978923448,6086.9770985549385,GR,1
57,-10.308952660644309,41.2601268237749,6168.65629115225,GR,1
58,-10.308952660644309,41.27329081290253,6248.786912361855,GR,1
59,-10.308952660644309,41.28520323153414,6327.3930846925705,GR,1
60,-10.308952660644309,41.29598309062137,6404.499074699645,GR,1
61,-10.308952660644309,41.30573804929652,6480.129231491637,GR,1
62,-10.308952660644309,41.31456556777469,6554.3079313448525,GR,1
63,-10.308952660644309,41.32255380464808,6627.059528634442,GR,1
64,-10.308952660644309,41.32978258012404,6698.408313146158,GR,1
65,-10.308952660644309,41.336324061642856,6768.378470329826,GR,1
66,-10.308952660644309,41.342243606489454,6836.9940489147975,GR,1
67,-10.308952660644309,41.34760035067679,6904.278929790284,GR,1
68,-10.308952660644309,41.35244780866346,6970.256800626917,GR,1
69,-10.308952660644309,41.356834401091405,7034.951133513546,GR,1
70,-10.308952660644309,41.360803941096144,7098.385165008815,GR,1
71,-10.308952660644309,41.36439607765799,7160.581878693358,GR,1
72,-10.308952660644309,41.36764669295315,7221.563990396455,GR,1
73,-10.308952660644309,41.370588258269834,7281.353935813923,GR,1
74,-10.308952660644309,41.37325015651227,7339.973860028706,GR,1
75,-10.308952660644309,41.37565897620845,7397.445608634507,GR,1
76,-10.308952660644309,41.37783877829208,7453.790720382575,GR,1
77,-10.308952660644309,41.37981133668085,7509.030421286755,GR,1
78,-10.308952660644309,41.38159635523449,7563.185620028145,GR,1
79,-10.308952660644309,41.3832116642158,7616.276904468931,GR,1
80,-10.308952660644309,41.38467339852798,7668.324539137106,GR,1
81,-10.308952660644309,41.38599615912984,7719.348463596716,GR,1
82,-10.308952660644309,41.38719315891531,7769.368291625328,GR,1
83,-10.308952660644309,41.388276354583375,7818.403311105912,GR,1
84,-10.308952660644309,41.38925656599498,7866.472484542116,GR,1
85,-10.308952660644309,41.390143584286335,7913.594450123941,GR,1
86,-10.308952660644309,41.39094626972606,7959.787523281655,GR,1
87,-10.308952660644309,41.39167264022017,8005.069698674199,GR,1
88,-10.308952660644309,41.3923299513775,8049.458652558348,GR,1
89,-10.308952660644309,41.39292476897386,8092.971745489002,GR,1
90,-10.308952660644309,41.39346303851427,8135.626029400947,GR,1
91,-10.308952660644309,41.39395012166632,8177.438232452749,GR,1
92,-10.308952660644309,41.394390889221356,8218.42479419639,GR,1
93,-10.308952660644309,41.39478975878522,8258.601848078255,GR,1
94,-10.308952660644309,41.39515069977592,8297.985214815297,GR,1
95,-10.308952660644309,41.39547732556701,8336.59043958708,GR,1
96,-10.308952660644309,41.395772906912676,8374.432769158351,GR,1
97,-10.308952660644309,41.39604038089308,8411.52715444318,GR,1
98,-10.308952660644309,41.39628242758078,8447.888282303917,GR,1
99,-10.308952660644309,41.396501463999776,8483.530550231575,GR,1
100,-10.308952660644309,41.396699671258986,8518.468076950472,GR,1
101,-10.308952660644309,41.39687903570242,8552.714728785195,GR,1
102,-10.308952660644309,41.397041349355455,8586.28409261972,GR,1
103,-10.308952660644309,41.3971882281234,8619.18949433581,GR,1
104,-10.308952660644309,41.397321145418516,8651.444018182838,GR,1
105,-10.308952660644309,41.3974414260662,8683.060480322716,GR,1
106,-10.308952660644309,41.39755026901803,8714.051452865902,GR,1
107,-10.308952660644309,41.39764876573638,8744.429276585364,GR,1
108,-10.308952660644309,41.39773789773134,8774.206036298367,GR,1
109,-10.308952660644309,41.39781855405747,8803.393589037523,GR,1
110,-10.308952660644309,41.39789154400998,8832.003569989385,GR,1
111,-10.308952660644309,41.39795759401322,8860.047371513258,GR,1
112,-10.308952660644309,41.39801736355236,8887.536173220482,GR,1
113,-10.308952660644309,41.39807145197899,8914.480941758402,GR,1
114,-10.308952660644309,41.39812039732444,8940.892414735821,GR,1
115,-10.308952660644309,41.39816468873896,8966.781130728566,GR,1
116,-10.308952660644309,41.398204770812605,8992.157433774159,GR,1
117,-10.308952660644309,41.39824103687687,9017.031416331809,GR,1
118,-10.308952660644309,41.39827385736111,9041.413037517006,GR,1
119,-10.308952660644309,41.39830355179237,9065.312019494899,GR,1
120,-10.308952660644309,41.398330425978585,9088.737895550948,GR,1
121,-10.308952660644309,41.398354742898796,9111.700047853095,GR,1
122,-10.308952660644309,41.39837674689599,9134.207606326197,GR,1
123,-10.308952660644309,41.39839666426551,9156.26960935217,GR,1
124,-10.308952660644309,41.398414683990396,9177.894823749437,GR,1
125,-10.308952660644309,41.39843099612359,9199.091925780342,GR,1
126,-10.308952660644309,41.398445755605955,9219.869363190535,GR,1
127,-10.308952660644309,41.39845911321264,9240.23544237691,GR,1
128,-10.308952660644309,41.39847120105637,9260.198315851605,GR,1
129,-10.308952660644309,41.39848213899194,9279.765933614952,GR,1
130,-10.308952660644309,41.39849203768952,9298.946155037114,GR,1
131,-10.308952660644309,41.398500993743575,9317.746605172633,GR,1
132,-10.308952660644309,41.39850910005233,9336.174836538697,GR,1
133,-10.308952660644309,41.3985164339145,9354.238188356338,GR,1
134,-10.308952660644309,41.398523072115374,9371.943895446262,GR,1
135,-10.308952660644309,41.39852907867785,9389.2990382936,GR,1
136,-10.308952660644309,41.39853451439904,9406.310539525368,GR,1
137,-10.308952660644309,41.39853943400943,9422.985228826064,GR,1
138,-10.308952660644309,41.398543885277576,9439.329739043498,GR,1
139,-10.308952660644309,41.398547914133786,9455.350640822262,GR,1
140,-10.308952660644309,41.39855155929217,9471.054310436242,GR,1
141,-10.308952660644309,41.3985548582829,9486.447056425206,GR,1
142,-10.308952660644309,41.3985578422497,9501.535038739543,GR,1
143,-10.308952660644309,41.398560540910005,9516.324219886697,GR,1
144,-10.308952660644309,41.39856298418126,9530.820551715076,GR,1
145,-10.308952660644309,41.39856519435879,9545.02990472056,GR,1
146,-10.308952660644309,41.3985671905351,9558.957880451915,GR,1
147,-10.308952660644309,41.398568997108306,9572.61002605092,GR,1
148,-10.308952660644309,41.398570636373414,9585.991879397625,GR,1
149,-10.308952660644309,41.398572116229786,9599.108788102327,GR,1
150,-10.308952660644309,41.39857345312807,9611.96592658975,GR,1
151,-10.308952660644309,41.39857466604121,9624.568463483554,GR,1
152,-10.308952660644309,41.398575766781,9636.921511424733,GR,1
153,-10.308952660644309,41.39857676040832,9649.029944467335,GR,1
154,-10.308952660644309,41.398577659431815,9660.898575958923,GR,1
155,-10.308952660644309,41.39857847592716,9672.532215434181,GR,1
156,-10.308952660644309,41.39857921529439,9683.935530226368,GR,1
157,-10.308952660644309,41.3985798838026,9695.113012504418,GR,1
158,-10.308952660644309,41.39858048895927,9706.069144140094,GR,1
159,-10.308952660644309,41.39858103735711,9716.80837504243,GR,1
160,-10.308952660644309,41.39858153333106,9727.334955129787,GR,1
161,-10.308952660644309,41.398581981931585,9737.6530585926,GR,1
162,-10.308952660644309,41.39858238817709,9747.76685831665,GR,1
163,-10.308952660644309,41.398582755357516,9757.680426883591,GR,1
164,-10.308952660644309,41.3985830870806,9767.397668313311,GR,1
165,-10.308952660644309,41.398583387502505,9776.922470915137,GR,1
166,-10.308952660644309,41.39858365996713,9786.258704113945,GR,1
167,-10.308952660644309,41.398583905791185,9795.410073069943,GR,1
168,-10.308952660644309,41.39858412803582,9804.380200234502,GR,1
169,-10.308952660644309,41.39858432987704,9813.17270727672,GR,1
170,-10.308952660644309,41.39858451276553,9821.79114511637,GR,1
171,-10.308952660644309,41.39858467798115,9830.238907583598,GR,1
172,-10.308952660644309,41.398584827538436,9838.519368051404,GR,1
173,-10.308952660644309,41.39858496328825,9846.63588962239,GR,1
174,-10.308952660644309,41.39858508618655,9854.591704261842,GR,1
175,-10.308952660644309,41.398585197339166,9862.389955221137,GR,1
176,-10.308952660644309,41.39858529790738,9870.03378421865,GR,1
177,-10.308952660644309,41.3985853889328,9877.526286544422,GR,1
178,-10.308952660644309,41.3985854712533,9884.870414895257,GR,1
179,-10.308952660644309,41.398585545712194,9892.069095434235,GR,1
180,-10.308952660644309,41.39858561310589,9899.125249243822,GR,1
181,-10.308952660644309,41.398585673937305,9906.041696250433,GR,1
182,-10.308952660644309,41.39858572889799,9912.82116508169,GR,1
183,-10.308952660644309,41.398585778729135,9919.466381261449,GR,1
184,-10.308952660644309,41.398585823878086,9925.980040644285,GR,1
185,-10.308952660644309,41.398585864588455,9932.36471390186,GR,1
186,-10.308952660644309,41.398585901420546,9938.622939622745,GR,1
187,-10.308952660644309,41.39858593490566,9944.757254161179,GR,1
188,-10.308952660644309,41.39858596521201,9950.770117704771,GR,1
189,-10.308952660644309,41.398585992597674,9956.66389975079,GR,1
190,-10.308952660644309,41.39858601739083,9962.440964717784,GR,1
191,-10.308952660644309,41.39858603988752,9968.10367328703,GR,1
192,-10.308952660644309,41.39858606026641,9973.65427217934,GR,1
193,-10.308952660644309,41.39858607869607,9979.094926696831,GR,1
194,-10.308952660644309,41.39858609534571,9984.427801249643,GR,1
195,-10.308952660644309,41.398586110384606,9989.65506024792,GR,1
196,-10.308952660644309,41.398586123975,9994.778860536442,GR,1
197,-10.308952660644309,41.398586136226555,9999.801237723974,GR,1
198,-10.308952660644309,41.398586147266656,10004.724141413437,GR,1
199,-10.308952660644309,41.39858615722994,10009.54952073402,GR,1
200,-10.308952660644309,41.39858616625102,10014.279324814921,GR,1
201,-10.308952660644309,41.39858617446242,10018.915502376227,GR,1
202,-10.308952660644309,41.39858618182554,10023.459927237813,GR,1
203,-10.308952660644309,41.39858618836737,10027.914356236908,GR,1
204,-10.308952660644309,41.39858619422685,10032.280542998702,GR,1
205,-10.308952660644309,41.39858619954286,10036.560241148398,GR,1
206,-10.308952660644309,41.39858620445436,10040.755204311188,GR,1
207,-10.308952660644309,41.398586208981385,10044.867158506728,GR,1
208,-10.308952660644309,41.398586212970784,10048.897700727122,GR,1
209,-10.308952660644309,41.39858621651265,10052.848404588554,GR,1
210,-10.308952660644309,41.39858621970736,10056.720844598154,GR,1
211,-10.308952660644309,41.39858622265534,10060.516595263045,GR,1
212,-10.308952660644309,41.398586225435636,10064.237226096084,GR,1
213,-10.308952660644309,41.39858622794755,10067.884215044422,GR,1
214,-10.308952660644309,41.398586230192834,10071.458974405754,GR,1
215,-10.308952660644309,41.398586232210896,10074.962916980588,GR,1
216,-10.308952660644309,41.398586234041076,10078.397455569426,GR,1
217,-10.308952660644309,41.39858623572265,10081.764002907461,GR,1
218,-10.308952660644309,41.39858623726535,10085.06392877624,GR,1
219,-10.308952660644309,41.39858623866374,10088.298510930803,GR,1
220,-10.308952660644309,41.39858623992616,10091.469018374983,GR,1
221,-10.308952660644309,41.39858624106094,10094.576720112615,GR,1
222,-10.308952660644309,41.39858624207639,10097.622885147539,GR,1
223,-10.308952660644309,41.39858624298179,10100.608768735752,GR,1
224,-10.308952660644309,41.39858624378969,10103.535539410963,GR,1
225,-10.308952660644309,41.3985862445118,10106.404337662278,GR,1
226,-10.308952660644309,41.39858624515974,10109.216304400394,GR,1
227,-10.308952660644309,41.39858624574514,10111.97258053601,GR,1
228,-10.308952660644309,41.398586246276594,10114.674304442955,GR,1
229,-10.308952660644309,41.398586246734844,10117.322553584369,GR,1
230,-10.308952660644309,41.39858624712828,10119.91835371308,GR,1
231,-10.308952660644309,41.39858624747461,10122.462730397596,GR,1
232,-10.308952660644309,41.39858624779159,10124.956709206426,GR,1
233,-10.308952660644309,41.398586248096905,10127.40131570476,GR,1
234,-10.308952660644309,41.398586248376716,10129.797545952602,GR,1
235,-10.308952660644309,41.39858624861425,10132.14632726182,GR,1
236,-10.308952660644309,41.39858624881984,10134.44858092384,GR,1
237,-10.308952660644309,41.39858624900385,10136.705228230076,GR,1
238,-10.308952660644309,41.39858624917662,10138.917190471957,GR,1
239,-10.308952660644309,41.398586249343936,10141.085380278933,GR,1
240,-10.308952660644309,41.39858624949648,10143.210647365353,GR,1
241,-10.308952660644309,41.39858624963307,10145.293818781904,GR,1
242,-10.308952660644309,41.39858624975343,10147.335722006143,GR,1
243,-10.308952660644309,41.39858624985733,10149.337184515625,GR,1
244,-10.308952660644309,41.39858624994518,10151.29903257765,GR,1
245,-10.308952660644309,41.398586250025865,10153.222052086438,GR,1
246,-10.308952660644309,41.3985862501003,10155.106987406658,GR,1
247,-10.308952660644309,41.3985862501661,10156.954582010849,GR,1
248,-10.308952660644309,41.398586250220845,10158.765579371542,GR,1
249,-10.308952660644309,41.398586250262156,10160.54072296127,GR,1
250,-10.308952660644309,41.39858625029178,10162.280738370371,GR,1
251,-10.308952660644309,41.39858625031448,10163.986300141067,GR,1
252,-10.308952660644309,41.39858625033166,10165.658076440719,GR,1
253,-10.308952660644309,41.3985862503447,10167.296735444377,GR,1
254,-10.308952660644309,41.39858625035499,10168.90294532709,GR,1
255,-10.308952660644309,41.398586250362165,10170.477369116521,GR,1
256,-10.308952660644309,41.398586250361625,10172.0206255078,GR,1
257,-10.308952660644309,41.39858625035573,10173.533314606173,GR,1
258,-10.308952660644309,41.39858625034757,10175.016036857,GR,1
259,-10.308952660644309,41.39858625034022,10176.46939270563,GR,1
260,-10.308952660644309,41.39858625033641,10177.893981985839,GR,1
261,-10.308952660644309,41.39858625033137,10179.29037677913,GR,1
262,-10.308952660644309,41.3985862503235,10180.659117336398,GR,1
263,-10.308952660644309,41.398586250313826,10182.000743121827,GR,1
264,-10.308952660644309,41.39858625030335,10183.3157935996,GR,1
265,-10.308952660644309,41.39858625029313,10184.604808233898,GR,1
266,-10.308952660644309,41.39858625028401,10185.868315099662,GR,1
267,-10.308952660644309,41.39858625027561,10187.106804434456,GR,1
268,-10.308952660644309,41.398586250266945,10188.320760863598,GR,1
269,-10.308952660644309,41.39858625025705,10189.510669045125,GR,1
270,-10.308952660644309,41.39858625024493,10190.67701363706,GR,1
271,-10.308952660644309,41.39858625023046,10191.820276347198,GR,1
272,-10.308952660644309,41.398586250216574,10192.940907948956,GR,1
273,-10.308952660644309,41.39858625020309,10194.039343711265,GR,1
274,-10.308952660644309,41.39858625018932,10195.116019106874,GR,1
275,-10.308952660644309,41.39858625017457,10196.171369608515,GR,1
276,-10.308952660644309,41.39858625015819,10197.20583042472,GR,1
277,-10.308952660644309,41.39858625014058,10198.219818455038,GR,1
278,-10.308952660644309,41.398586250122456,10199.21372598284,GR,1
279,-10.308952660644309,41.39858625010426,10200.187944318357,GR,1
280,-10.308952660644309,41.398586250086474,10201.142864771826,GR,1
281,-10.308952660644309,41.39858625006953,10202.078878653481,GR,1
282,-10.308952660644309,41.398586250052865,10202.996370152301,GR,1
283,-10.308952660644309,41.39858625003532,10203.89569579581,GR,1
284,-10.308952660644309,41.3985862500175,10204.777207140869,GR,1
285,-10.308952660644309,41.398586250000065,10205.641255799334,GR,1
286,-10.308952660644309,41.39858624998362,10206.488193383051,GR,1
287,-10.308952660644309,41.39858624996855,10207.318369792269,GR,1
288,-10.308952660644309,41.398586249953816,10208.132113263053,GR,1
289,-10.308952660644309,41.39858624993921,10208.929739581108,GR,1
290,-10.308952660644309,41.39858624992473,10209.71156466514,GR,1
291,-10.308952660644309,41.398586249910416,10210.477904433847,GR,1
292,-10.308952660644309,41.39858624989626,10211.229074701916,GR,1
293,-10.308952660644309,41.39858624988275,10211.965379146433,GR,1
294,-10.308952660644309,41.39858624986986,10212.687102596024,GR,1
295,-10.308952660644309,41.39858624985727,10213.394528897925,GR,1
296,-10.308952660644309,41.39858624984463,10214.087941899365,GR,1
297,-10.308952660644309,41.39858624983162,10214.76762544758,GR,1
298,-10.308952660644309,41.398586249818344,10215.433859006145,GR,1
299,-10.308952660644309,41.398586249805454,10216.086901979936,GR,1
300,-10.308952660644309,41.39858624979288,10216.727009345917,GR,1
301,-10.308952660644309,41.39858624978049,10217.354436146485,GR,1
302,-10.308952660644309,41.39858624976819,10217.969437424033,GR,1
303,-10.308952660644309,41.39858624975586,10218.572267268624,GR,1
304,-10.308952660644309,41.398586249743445,10219.163164816047,GR,1
305,-10.308952660644309,41.398586249731096,10219.742359185968,GR,1
306,-10.308952660644309,41.398586249718974,10220.310079544366,GR,1
307,-10.308952660644309,41.398586249707215,10220.866555057217,GR,1
308,-10.308952660644309,41.398586249695995,10221.412014857582,GR,1
309,-10.308952660644309,41.39858624968499,10221.946680128647,GR,1
310,-10.308952660644309,41.39858624967402,10222.470757733638,GR,1
311,-10.308952660644309,41.398586249663175,10222.984453584108,GR,1
312,-10.308952660644309,41.39858624965262,10223.487973591624,GR,1
313,-10.308952660644309,41.39858624964244,10223.981523667746,GR,1
314,-10.308952660644309,41.398586249632686,10224.465307026849,GR,1
315,-10.308952660644309,41.39858624962319,10224.93951242317,GR,1
316,-10.308952660644309,41.398586249613906,10225.4043248018,GR,1
317,-10.308952660644309,41.398586249604776,10225.859929175458,GR,1
318,-10.308952660644309,41.39858624959575,10226.30651055686,GR,1
319,-10.308952660644309,41.39858624958683,10226.744254087067,GR,1
320,-10.308952660644309,41.398586249578386,10227.173338286839,GR,1
321,-10.308952660644309,41.3985862495704,10227.593926762695,GR,1
322,-10.308952660644309,41.39858624956273,10228.006181521387,GR,1
323,-10.308952660644309,41.39858624955526,10228.41026456968,GR,1
324,-10.308952660644309,41.398586249547854,10228.806337914335,GR,1
325,-10.308952660644309,41.3985862495404,10229.194563562109,GR,1
326,-10.308952660644309,41.39858624953276,10229.575103519763,GR,1
327,-10.308952660644309,41.39858624952484,10229.948119347242,GR,1
328,-10.308952660644309,41.398586249517344,10230.313756569789,GR,1
329,-10.308952660644309,41.398586249510416,10230.672151835442,GR,1
330,-10.308952660644309,41.3985862495039,10231.023444027693,GR,1
331,-10.308952660644309,41.39858624949765,10231.367772030031,GR,1
332,-10.308952660644309,41.39858624949146,10231.705274725946,GR,1
333,-10.308952660644309,41.39858624948516,10232.036090998929,GR,1
334,-10.308952660644309,41.39858624947861,10232.360359732467,GR,1
335,-10.308952660644309,41.39858624947162,10232.678219759176,GR,1
336,-10.308952660644309,41.39858624946468,10232.989794604395,GR,1
337,-10.308952660644309,41.398586249458155,10233.295197066396,GR,1
338,-10.308952660644309,41.39858624945196,10233.594545803136,GR,1
339,-10.308952660644309,41.398586249446,10233.887959472573,GR,1
340,-10.308952660644309,41.39858624944017,10234.175556732655,GR,1
341,-10.308952660644309,41.39858624943438,10234.457456241335,GR,1
342,-10.308952660644309,41.39858624942852,10234.733776656567,GR,1
343,-10.308952660644309,41.39858624942249,10235.004636636304,GR,1
344,-10.308952660644309,41.39858624941641,10235.27014507954,GR,1
345,-10.308952660644309,41.39858624941048,10235.530395518765,GR,1
346,-10.308952660644309,41.398586249404694,10235.785488320931,GR,1
347,-10.308952660644309,41.39858624939907,10236.035523940858,GR,1
348,-10.308952660644309,41.398586249393595,10236.280602833367,GR,1
349,-10.308952660644309,41.39858624938826,10236.520825453277,GR,1
350,-10.308952660644309,41.39858624938306,10236.756292255408,GR,1
351,-10.308952660644309,41.398586249378,10236.987103694579,GR,1
352,-10.308952660644309,41.39858624937303,10237.213355936436,GR,1
353,-10.308952660644309,41.398586249368144,10237.435130423071,GR,1
354,-10.308952660644309,41.39858624936331,10237.652511516751,GR,1
355,-10.308952660644309,41.39858624935857,10237.865583969195,GR,1
356,-10.308952660644309,41.398586249353926,10238.074432532125,GR,1
357,-10.308952660644309,41.398586249349414,10238.279141957264,GR,1
358,-10.308952660644309,41.398586249345044,10238.479796996333,GR,1
359,-10.308952660644309,41.398586249340816,10238.676482401055,GR,1
360,-10.308952660644309,41.39858624933676,10238.869281354915,GR,1
361,-10.308952660644309,41.39858624933281,10239.058265950638,GR,1
362,-10.308952660644309,41.39858624932897,10239.24350750106,GR,1
363,-10.308952660644309,41.39858624932521,10239.425077860495,GR,1
364,-10.308952660644309,41.398586249321546,10239.603048883268,GR,1
365,-10.308952660644309,41.398586249317944,10239.777492423695,GR,1
366,-10.308952660644309,41.39858624931439,10239.9484803361,GR,1
367,-10.308952660644309,41.39858624931091,10240.116084474801,GR,1
368,-10.308952660644309,41.39858624930746,10240.280376071763,GR,1
369,-10.308952660644309,41.39858624930413,10240.441417572583,GR,1
370,-10.308952660644309,41.39858624930091,10240.599269367098,GR,1
371,-10.308952660644309,41.398586249297786,10240.753992686723,GR,1
372,-10.308952660644309,41.398586249294716,10240.905648762873,GR,1
373,-10.308952660644309,41.39858624929171,10241.054298826968,GR,1
374,-10.308952660644309,41.39858624928874,10241.200004110418,GR,1
375,-10.308952660644309,41.39858624928577,10241.342825844646,GR,1
376,-10.308952660644309,41.3985862492828,10241.482825068828,GR,1
377,-10.308952660644309,41.39858624927987,10241.620055519174,GR,1
378,-10.308952660644309,41.398586249277024,10241.754567896198,GR,1
379,-10.308952660644309,41.398586249274224,10241.886414332486,GR,1
380,-10.308952660644309,41.398586249271496,10242.015646960625,GR,1
381,-10.308952660644309,41.39858624926882,10242.142317913205,GR,1
382,-10.308952660644309,41.398586249266195,10242.266479322812,GR,1
383,-10.308952660644309,41.39858624926363,10242.388183322033,GR,1
384,-10.308952660644309,41.39858624926112,10242.507482034454,GR,1
385,-10.308952660644309,41.398586249258635,10242.62442257393,GR,1
386,-10.308952660644309,41.39858624925618,10242.73904743571,GR,1
387,-10.308952660644309,41.398586249253746,10242.851400830496,GR,1
388,-10.308952660644309,41.398586249251366,10242.96152696898,GR,1
389,-10.308952660644309,41.39858624924903,10243.069470061864,GR,1
390,-10.308952660644309,41.39858624924676,10243.175274319845,GR,1
391,-10.308952660644309,41.398586249244566,10243.27898395362,GR,1
392,-10.308952660644309,41.398586249242456,10243.380643173885,GR,1
393,-10.308952660644309,41.39858624924041,10243.480293575656,GR,1
394,-10.308952660644309,41.398586249238384,10243.577971326988,GR,1
395,-10.308952660644309,41.398586249236395,10243.673713846523,GR,1
396,-10.308952660644309,41.398586249234434,10243.767558583333,GR,1
397,-10.308952660644309,41.39858624923252,10243.859542986498,GR,1
398,-10.308952660644309,41.39858624923063,10243.949704505085,GR,1
399,-10.308952660644309,41.398586249228806,10244.03808058817,GR,1
400,-10.308952660644309,41.39858624922701,10244.124708684827,GR,1
