t,M,P,model,sim,gene
0,1.0e-6,50.0,Toggle,1,1
1,1.6810517429515468,68.73616693643446,Toggle,1,1
2,2.0237384341727,141.26004166704442,Toggle,1,1
3,1.7711360821746007,207.79987521836122,Toggle,1,1
4,1.4466655806349162,250.9524629932916,Toggle,1,1
5,1.165900743579032,273.07846946707195,Toggle,1,1
6,0.9463912787388108,279.77648126899066,Toggle,1,1
7,0.7829192393614091,276.19911177896023,Toggle,1,1
8,0.6654280069040264,266.3791108915547,Toggle,1,1
9,0.5838008891759863,253.25737467249198,Toggle,1,1
10,0.529022664049405,238.86732870799617,Toggle,1,1
11,0.49329348234292153,224.52810485802084,Toggle,1,1
12,0.4699335002156584,211.00999706525897,Toggle,1,1
13,0.45336340667907643,198.671028789066,Toggle,1,1
14,0.4391975289919748,187.57318286173145,Toggle,1,1
15,0.42435386486566756,177.5853291079568,Toggle,1,1
16,0.4070562586464697,168.4738356208622,Toggle,1,1
17,0.38666763001600785,159.97673838718455,Toggle,1,1
18,0.363389068503438,151.85654562997735,Toggle,1,1
19,0.33791682138111634,143.93008397860933,Toggle,1,1
20,0.31114417063713673,136.0783454496297,Toggle,1,1
21,0.28395346166406993,128.24229170167584,Toggle,1,1
22,0.2571012542430721,120.41109571001398,Toggle,1,1
23,0.2311753416176362,112.60802911106066,Toggle,1,1
24,0.206596280085504,104.87728458504562,Toggle,1,1
25,0.18364043725563053,97.2732919521634,Toggle,1,1
26,0.162469290283852,89.85289015370138,Toggle,1,1
27,0.1431567887272335,82.67006183593045,Toggle,1,1
28,0.12571161962343178,75.77268351892837,Toggle,1,1
29,0.11009413617988092,69.20073154329002,Toggle,1,1
30,0.09622902237233778,62.98548381192212,Toggle,1,1
31,0.08401504213492728,57.14938520829154,Toggle,1,1
32,0.0733329719329729,51.70635742844704,Toggle,1,1
33,0.06405237250348676,46.66241135530905,Toggle,1,1
34,0.056037487663406195,42.01646711728502,Toggle,1,1
35,0.04915230026431056,37.761309911274104,Toggle,1,1
36,0.043264679825390825,33.88461953116296,Toggle,1,1
37,0.03824956397869591,30.37001758289481,Toggle,1,1
38,0.033991174121336905,27.19808302502603,Toggle,1,1
39,0.030384341098029607,24.347295730618924,Toggle,1,1
40,0.027335069993480083,21.79487887580086,Toggle,1,1
41,0.024760503133825593,19.517522559419064,Toggle,1,1
42,0.022588444575369078,17.491981791180343,Toggle,1,1
43,0.02075659529862648,15.695550818022435,Toggle,1,1
44,0.01921162392846036,14.106422234299481,Toggle,1,1
45,0.017908169805761806,12.703943452940464,Toggle,1,1
46,0.016807848282175773,11.468785210937924,Toggle,1,1
47,0.01587830479238825,10.383037291592496,Toggle,1,1
48,0.01509234560166913,9.43024603480354,Toggle,1,1
49,0.014427159075501204,8.595406854391166,Toggle,1,1
50,0.013863632011498301,7.864923524088005,Toggle,1,1
51,0.013385757304813771,7.226543722780835,Toggle,1,1
52,0.012980128045643599,6.66927862132312,Toggle,1,1
53,0.012635509519307342,6.18331407020327,Toggle,1,1
54,0.012342478330027022,5.75991661191439,Toggle,1,1
55,0.01209312070480313,5.391339007516339,Toggle,1,1
56,0.011880781885407074,5.070728286227773,Toggle,1,1
57,0.011699857149596456,4.792037140211682,Toggle,1,1
58,0.011545618600287667,4.549940533715599,Toggle,1,1
59,0.011414071985101538,4.339758521783893,Toggle,1,1
60,0.011301837574697247,4.157384849697753,Toggle,1,1
61,0.01120605138940408,3.999221868686602,Toggle,1,1
62,0.011124283382362968,3.8621218389046206,Toggle,1,1
63,0.011054469099525845,3.7433338188306506,Toggle,1,1
64,0.01099485271222243,3.6404561127360426,Toggle,1,1
65,0.010943939522747536,3.5513939956489646,Toggle,1,1
66,0.01090045619024576,3.4743221643522815,Toggle,1,1
67,0.0108633168680545,3.407650945116383,Toggle,1,1
68,0.010831595341308032,3.3499972092181225,Toggle,1,1
69,0.010804501227584215,3.3001582950012964,Toggle,1,1
70,0.010781359662020002,3.2570889666810734,Toggle,1,1
71,0.010761594294868242,3.219881355413641,Toggle,1,1
72,0.010744712878915106,3.187747405164816,Toggle,1,1
73,0.01073029492186351,3.160003386230314,Toggle,1,1
74,0.010717981168981918,3.136056315488003,Toggle,1,1
75,0.010707464681721235,3.115392153725953,Toggle,1,1
76,0.01069848323528013,3.097565514197096,Toggle,1,1
77,0.010690812824697398,3.082190672624809,Toggle,1,1
78,0.010684262079132282,3.068933668307827,Toggle,1,1
79,0.010678667518323304,3.0575054689788552,Toggle,1,1
80,0.010673889502165919,3.04765602912023,Toggle,1,1
81,0.010669808764535417,3.039169107838763,Toggle,1,1
82,0.010666323492408411,3.0318578359515866,Toggle,1,1
83,0.010663346692908287,3.0255606455233615,Toggle,1,1
84,0.010660804055962899,3.0201379170211395,Toggle,1,1
85,0.010658632143335432,3.0154690815995684,Toggle,1,1
86,0.01065677681303454,3.011450073077179,Toggle,1,1
87,0.010655191841013184,3.0079910741747424,Toggle,1,1
88,0.010653837747970792,3.005014560216838,Toggle,1,1
89,0.010652680823920391,3.0024536452991892,Toggle,1,1
90,0.010651692290742606,3.000250645428731,Toggle,1,1
91,0.010650847577425035,2.9983558214040396,Toggle,1,1
92,0.010650125704961102,2.9967262964093506,Toggle,1,1
93,0.010649508763935955,2.9953251234984446,Toggle,1,1
94,0.010648981461389246,2.994120465654768,Toggle,1,1
95,0.01064853073802331,2.9930848949702136,Toggle,1,1
96,0.010648145441012287,2.992194786584251,Toggle,1,1
97,0.010647816045546973,2.9914297960783247,Toggle,1,1
98,0.010647534417897618,2.990772409531395,Toggle,1,1
99,0.010647293611411387,2.990207551749006,Toggle,1,1
100,0.01064708770434586,2.9897222724011328,Toggle,1,1
101,0.01064691162195162,2.9893053938457483,Toggle,1,1
102,0.010646761026854315,2.988947300741875,Toggle,1,1
103,0.0106466322215233,2.9886397351458163,Toggle,1,1
104,0.010646522042568983,2.9883755861695414,Toggle,1,1
105,0.010646427780589095,2.988148726709652,Toggle,1,1
106,0.010646347134792778,2.987953916704214,Toggle,1,1
107,0.010646278137915539,2.987786650226747,Toggle,1,1
108,0.010646219103996464,2.9876430448803144,Toggle,1,1
109,0.010646168589681504,2.9875197592825073,Toggle,1,1
110,0.010646125358788212,2.987413918245226,Toggle,1,1
111,0.010646088360980103,2.9873230638490744,Toggle,1,1
112,0.01064605669628434,2.987245080226492,Toggle,1,1
113,0.010646029594067064,2.9871781472372745,Toggle,1,1
114,0.010646006395026374,2.9871207007618894,Toggle,1,1
115,0.010645986536254884,2.9870713999193272,Toggle,1,1
116,0.010645969536290541,2.9870290928154994,Toggle,1,1
117,0.010645954982574065,2.9869927885942573,Toggle,1,1
118,0.01064594252173587,2.986961635382822,Toggle,1,1
119,0.010645931852814735,2.9869349044725566,Toggle,1,1
120,0.010645922722084925,2.986911979343443,Toggle,1,1
121,0.010645914902847525,2.9868923082621923,Toggle,1,1
122,0.010645908214863671,2.9868754491315426,Toggle,1,1
123,0.010645902481468765,2.986860972026487,Toggle,1,1
124,0.01064589757968773,2.9868485708397547,Toggle,1,1
125,0.010645893372783705,2.9868379127629994,Toggle,1,1
126,0.010645889773453975,2.9868287784759846,Toggle,1,1
127,0.010645886685023682,2.9868209305666937,Toggle,1,1
128,0.01064588403953778,2.9868141986216026,Toggle,1,1
129,0.01064588177214335,2.986808421102109,Toggle,1,1
130,0.010645879829799114,2.986803465332676,Toggle,1,1
131,0.010645878165815763,2.9867992143019557,Toggle,1,1
132,0.010645876741589028,2.9867955709064007,Toggle,1,1
133,0.010645875520861978,2.986792444611699,Toggle,1,1
134,0.010645874475971723,2.986789765298164,Toggle,1,1
135,0.010645873580136246,2.986787465962556,Toggle,1,1
136,0.010645872812266744,2.9867854931704643,Toggle,1,1
137,0.010645872154243754,2.9867838010009833,Toggle,1,1
138,0.01064587158973227,2.9867823481743243,Toggle,1,1
139,0.01064587110619783,2.9867811025997923,Toggle,1,1
140,0.010645870691935639,2.986780034632924,Toggle,1,1
141,0.010645870337814766,2.9867791210355947,Toggle,1,1
142,0.010645870034563673,2.986778337970143,Toggle,1,1
143,0.010645869775717492,2.9867776688699927,Toggle,1,1
144,0.010645869562381895,2.9867771168160178,Toggle,1,1
145,0.010645869385625228,2.986776658928978,Toggle,1,1
146,0.01064586923545582,2.986776269585397,Toggle,1,1
147,0.010645869101881988,2.9867759231617996,Toggle,1,1
148,0.010645868978252305,2.9867756025794456,Toggle,1,1
149,0.010645868880605616,2.9867753488431883,Toggle,1,1
150,0.010645868802004485,2.9867751442516735,Toggle,1,1
151,0.010645868729419736,2.986774955526378,Toggle,1,1
152,0.010645868656446362,2.986774766237704,Toggle,1,1
153,0.010645868594479031,2.9867746053165,Toggle,1,1
154,0.010645868541784106,2.9867744683923014,Toggle,1,1
155,0.01064586849550551,2.986774348242457,Toggle,1,1
156,0.010645868452560677,2.986774236913811,Toggle,1,1
157,0.010645868413122213,2.986774134701019,Toggle,1,1
158,0.010645868379473313,2.986774047443666,Toggle,1,1
159,0.010645868353706203,2.9867739804933784,Toggle,1,1
160,0.010645868332491,2.986773925330256,Toggle,1,1
161,0.010645868313956502,2.9867738771348638,Toggle,1,1
162,0.010645868298276656,2.986773836311431,Toggle,1,1
163,0.01064586828589372,2.9867738039591223,Toggle,1,1
164,0.010645868277666764,2.986773782304442,Toggle,1,1
165,0.010645868271533932,2.986773766084171,Toggle,1,1
166,0.010645868265033857,2.9867737490059048,Toggle,1,1
167,0.0106458682578294,2.9867737301879624,Toggle,1,1
168,0.010645868252958433,2.9867737173644486,Toggle,1,1
169,0.010645868249025484,2.986773706994827,Toggle,1,1
170,0.010645868244426898,2.9867736950086576,Toggle,1,1
171,0.010645868238984028,2.9867736809240832,Toggle,1,1
172,0.010645868233831906,2.9867736676018244,Toggle,1,1
173,0.01064586822947761,2.98677365633719,Toggle,1,1
174,0.010645868226185368,2.986773647808992,Toggle,1,1
175,0.010645868220656388,2.986773633644378,Toggle,1,1
176,0.01064586821288572,2.98677361381707,Toggle,1,1
177,0.010645868204421347,2.9867735922410263,Toggle,1,1
178,0.010645868196811245,2.986773572830204,Toggle,1,1
179,0.010645868191603394,2.9867735594985585,Toggle,1,1
180,0.010645868190345766,2.9867735561600472,Toggle,1,1
181,0.010645868190961374,2.9867735575609258,Toggle,1,1
182,0.010645868185544662,2.986773543707805,Toggle,1,1
183,0.010645868176357957,2.986773520323348,Toggle,1,1
184,0.010645868166278369,2.9867734946850466,Toggle,1,1
185,0.010645868158182999,2.9867734740703904,Toggle,1,1
186,0.010645868154948957,2.9867734657568716,Toggle,1,1
187,0.0106458681592951,2.98677347662164,Toggle,1,1
188,0.01064586816304756,2.986773485987386,Toggle,1,1
189,0.010645868161905441,2.9867734829785415,Toggle,1,1
190,0.010645868158153136,2.9867734733793987,Toggle,1,1
191,0.010645868154075023,2.986773462974248,Toggle,1,1
192,0.010645868151955491,2.986773457547381,Toggle,1,1
193,0.01064586815407892,2.98677346288309,Toggle,1,1
194,0.010645868161150892,2.9867734807664252,Toggle,1,1
195,0.010645868167106743,2.9867734958342704,Toggle,1,1
196,0.010645868171515818,2.986773506996885,Toggle,1,1
197,0.010645868174898794,2.986773515574429,Toggle,1,1
198,0.010645868177776354,2.986773522887063,Toggle,1,1
199,0.010645868180669166,2.986773530254949,Toggle,1,1
200,0.010645868184097913,2.9867735389982464,Toggle,1,1
0,1.0e-6,100.0,Toggle,1,2
1,2.6988261701109844,126.0485958911649,Toggle,1,2
2,3.5924616948993475,244.30663366065474,Toggle,1,2
3,3.3952228014673524,366.99062486450475,Toggle,1,2
4,2.953481096499848,457.18676131625296,Toggle,1,2
5,2.5309496485666663,513.1629687154483,Toggle,1,2
6,2.1941353508511012,542.223278789903,Toggle,1,2
7,1.952913604646207,552.6615248818345,Toggle,1,2
8,1.8005206686954827,551.6707922244062,Toggle,1,2
9,1.7259982878980067,544.9469510219394,Toggle,1,2
10,1.7180567368310393,536.7869683651638,Toggle,1,2
11,1.7660151206465349,530.3048843149755,Toggle,1,2
12,1.8598506606858514,527.6444844320092,Toggle,1,2
13,1.9901974943939884,530.1605071735707,Toggle,1,2
14,2.148603610023971,538.5754074034987,Toggle,1,2
15,2.3280229186017953,553.127164276899,Toggle,1,2
16,2.5233285850297973,573.7173037021294,Toggle,1,2
17,2.731611782949645,600.0565078371194,Toggle,1,2
18,2.952144195374792,631.7962294733492,Toggle,1,2
19,3.1860304475992263,668.6331582312946,Toggle,1,2
20,3.4356675835638786,710.3781691427816,Toggle,1,2
21,3.7041396137933664,756.9884198523221,Toggle,1,2
22,3.9946366967160936,808.5668843432807,Toggle,1,2
23,4.3099413813302325,865.3363767640906,Toggle,1,2
24,4.651992830572511,927.5954770360735,Toggle,1,2
25,5.021529556961334,995.6629265968965,Toggle,1,2
26,5.417816667596525,1069.8161075689975,Toggle,1,2
27,5.838475854172232,1150.2287590684882,Toggle,1,2
28,6.279446101070978,1236.9132072635703,Toggle,1,2
29,6.735102692673937,1329.6727650445393,Toggle,1,2
30,7.1985474777847696,1428.0700294205005,Toggle,1,2
31,7.66205586401446,1531.4159823260668,Toggle,1,2
32,8.11763324162365,1638.782802168019,Toggle,1,2
33,8.557606825744283,1749.0402229570443,Toggle,1,2
34,8.975168529022358,1860.9117504753535,Toggle,1,2
35,9.364795249956856,1973.044050467181,Toggle,1,2
36,9.722500590921966,2084.081050609736,Toggle,1,2
37,10.04590721237339,2192.7342288569857,Toggle,1,2
38,10.334160782217996,2297.842029384549,Toggle,1,2
39,10.587727293444765,2398.413811919719,Toggle,1,2
40,10.80812309067431,2493.656499718298,Toggle,1,2
41,10.997623395891917,2582.9845354905838,Toggle,1,2
42,11.158984808740119,2666.015515380678,Toggle,1,2
43,11.295204614316486,2742.554839935517,Toggle,1,2
44,11.409328008402179,2812.572984535603,Toggle,1,2
45,11.504305267095951,2876.178738922755,Toggle,1,2
46,11.58289490166076,2933.5912069866527,Toggle,1,2
47,11.647605620378146,2985.1126751766574,Toggle,1,2
48,11.70066879177502,3031.1037810713224,Toggle,1,2
49,11.744033353737679,3071.961821441636,Toggle,1,2
50,11.779376071785022,3108.102568553317,Toggle,1,2
51,11.808121443541516,3139.945592318721,Toggle,1,2
52,11.831466923036775,3167.90292922855,Toggle,1,2
53,11.85041001453074,3192.3706740988823,Toggle,1,2
54,11.86577540997,3213.7231304003426,Toggle,1,2
55,11.878240585850175,3232.3090654253688,Toggle,1,2
56,11.888359056833588,3248.4496419249913,Toggle,1,2
57,11.896581063344879,3262.437679193019,Toggle,1,2
58,11.903271518691058,3274.537899845106,Toggle,1,2
59,11.908725297490301,3284.9878720035645,Toggle,1,2
60,11.913180159328403,3293.9994534068032,Toggle,1,2
61,11.916827512000701,3301.760539488436,Toggle,1,2
62,11.919821279218867,3308.436965706027,Toggle,1,2
63,11.922285189637003,3314.174485316119,Toggle,1,2
64,11.924318709338085,3319.100730953732,Toggle,1,2
65,11.926001837462591,3323.327100146233,Toggle,1,2
66,11.927398971886475,3326.950536062175,Toggle,1,2
67,11.928562050161077,3330.0552095934727,Toggle,1,2
68,11.929533019948265,3332.7140215921054,Toggle,1,2
69,11.930345824249331,3334.989992174279,Toggle,1,2
70,11.93102801132339,3336.937511284071,Toggle,1,2
71,11.931601997735601,3338.6034483427047,Toggle,1,2
72,11.932086073656771,3340.0281345552758,Toggle,1,2
73,11.932495210963287,3341.246235309911,Toggle,1,2
74,11.932841706030176,3342.287518746813,Toggle,1,2
75,11.93313569077376,3343.1775244851283,Toggle,1,2
76,11.933385541068859,3343.9381460601844,Toggle,1,2
77,11.933598203306786,3344.588138014042,Toggle,1,2
78,11.933779457860517,3345.143558816558,Toggle,1,2
79,11.933934129855292,3345.618151661455,Toggle,1,2
80,11.93406625908268,3346.023672874471,Toggle,1,2
81,11.934179237202097,3346.370175610703,Toggle,1,2
82,11.934275917841525,3346.666250376033,Toggle,1,2
83,11.934358711055062,3346.9192430355947,Toggle,1,2
84,11.934429656449772,3347.135432680618,Toggle,1,2
85,11.934490481963367,3347.3201829859777,Toggle,1,2
86,11.934542653913432,3347.478074039724,Toggle,1,2
87,11.934587419785858,3347.613017836218,Toggle,1,2
88,11.934625843017798,3347.728356909038,Toggle,1,2
89,11.934658830905786,3347.826946497069,Toggle,1,2
90,11.934687158222408,3347.911225095427,Toggle,1,2
91,11.934711487469373,3347.9832755161547,Toggle,1,2
92,11.934732385692174,3348.0448767771636,Toggle,1,2
93,11.934750338480047,3348.0975482131985,Toggle,1,2
94,11.934765762021101,3348.142587736802,Toggle,1,2
95,11.934779013242375,3348.1811041605006,Toggle,1,2
96,11.934790398423177,3348.2140448369487,Toggle,1,2
97,11.934800180465963,3348.2422191961523,Toggle,1,2
98,11.934808585074787,3348.2663187750018,Toggle,1,2
99,11.934815806088238,3348.2869344639726,Toggle,1,2
100,11.934822009707082,3348.3045702209834,Toggle,1,2
101,11.934827339179774,3348.3196581284164,Toggle,1,2
102,11.934831917632101,3348.332567659991,Toggle,1,2
103,11.934835850646813,3348.3436139589535,Toggle,1,2
104,11.934839229108247,3348.353066766296,Toggle,1,2
105,11.934842131279089,3348.3611572298014,Toggle,1,2
106,11.934844624042952,3348.368081743585,Toggle,1,2
107,11.934846764903341,3348.3740083202483,Toggle,1,2
108,11.934848603406238,3348.3790810162063,Toggle,1,2
109,11.934850182194467,3348.383423218044,Toggle,1,2
110,11.934851537970768,3348.387140649186,Toggle,1,2
111,11.93485270210688,3348.3903231860763,Toggle,1,2
112,11.9348537016127,3348.39304787591,Toggle,1,2
113,11.934854559728006,3348.395380723213,Toggle,1,2
114,11.934855296426568,3348.3973782233465,Toggle,1,2
115,11.934855928839209,3348.399088632944,Toggle,1,2
116,11.934856471686626,3348.40055324402,Toggle,1,2
117,11.934856937635129,3348.4018074542423,Toggle,1,2
118,11.934857337578054,3348.402881594617,Toggle,1,2
119,11.934857680835679,3348.403801510206,Toggle,1,2
120,11.934857975295976,3348.404588999249,Toggle,1,2
121,11.934858228018438,3348.405263541412,Toggle,1,2
122,11.93485844467026,3348.405840635993,Toggle,1,2
123,11.934858630750648,3348.40633546514,Toggle,1,2
124,11.934858790178481,3348.406758623624,Toggle,1,2
125,11.934858927213174,3348.40712186248,Toggle,1,2
126,11.934859044683321,3348.4074327063518,Toggle,1,2
127,11.934859145630975,3348.4076994710576,Toggle,1,2
128,11.934859232240928,3348.4079280172546,Toggle,1,2
129,11.934859306593529,3348.4081239303605,Toggle,1,2
130,11.9348593703859,3348.40829178474,Toggle,1,2
131,11.934859425117049,3348.408435607453,Toggle,1,2
132,11.934859472036145,3348.4085587277373,Toggle,1,2
133,11.934859512297718,3348.4086642728494,Toggle,1,2
134,11.934859546806168,3348.4087546303163,Toggle,1,2
135,11.934859576423085,3348.4088321081817,Toggle,1,2
136,11.934859601833926,3348.4088985279245,Toggle,1,2
137,11.934859623634853,3348.4089554522257,Toggle,1,2
138,11.934859642355391,3348.409004291409,Toggle,1,2
139,11.93485965840856,3348.409046129528,Toggle,1,2
140,11.934859672178938,3348.409081975783,Toggle,1,2
141,11.93485968396252,3348.4091126199846,Toggle,1,2
142,11.93485969406173,3348.409138866264,Toggle,1,2
143,11.934859702692538,3348.4091612726147,Toggle,1,2
144,11.934859709834068,3348.409179734213,Toggle,1,2
145,11.934859715770218,3348.4091950278516,Toggle,1,2
146,11.934859720817338,3348.4092080233463,Toggle,1,2
147,11.934859725291782,3348.4092195905127,Toggle,1,2
148,11.934859729406961,3348.4092303073535,Toggle,1,2
149,11.93485973267681,3348.4092387692203,Toggle,1,2
150,11.934859735323021,3348.409245578085,Toggle,1,2
151,11.934859737755003,3348.4092518680545,Toggle,1,2
152,11.93485974017453,3348.4092581972395,Toggle,1,2
153,11.934859742228445,3348.409263573717,Toggle,1,2
154,11.934859743978185,3348.40926814469,Toggle,1,2
155,11.934859745520463,3348.4092721548877,Toggle,1,2
156,11.93485974695025,3348.409275874429,Toggle,1,2
157,11.934859748257272,3348.409279292371,Toggle,1,2
158,11.934859749374393,3348.4092822081916,Toggle,1,2
159,11.934859750240374,3348.409284438014,Toggle,1,2
160,11.934859750959593,3348.4092862715684,Toggle,1,2
161,11.934859751588329,3348.4092878733595,Toggle,1,2
162,11.934859752119428,3348.4092892298468,Toggle,1,2
163,11.934859752538474,3348.409290303371,Toggle,1,2
164,11.934859752824005,3348.409291015716,Toggle,1,2
165,11.934859753040264,3348.409291546311,Toggle,1,2
166,11.934859753262794,3348.409292110139,Toggle,1,2
167,11.934859753501426,3348.4092927372226,Toggle,1,2
168,11.934859753663384,3348.40929316247,Toggle,1,2
169,11.934859753794699,3348.409293505668,Toggle,1,2
170,11.93485975394787,3348.4092939047027,Toggle,1,2
171,11.934859754126357,3348.4092943766595,Toggle,1,2
172,11.934859754293111,3348.4092948243006,Toggle,1,2
173,11.934859754434894,3348.409295202253,Toggle,1,2
174,11.934859754545869,3348.409295486278,Toggle,1,2
175,11.934859754727716,3348.409295962862,Toggle,1,2
176,11.934859754979444,3348.4092966332746,Toggle,1,2
177,11.934859755252457,3348.4092973638244,Toggle,1,2
178,11.934859755498156,3348.4092980208193,Toggle,1,2
179,11.934859755667938,3348.409298470569,Toggle,1,2
180,11.934859755713209,3348.4092985793827,Toggle,1,2
181,11.934859755699547,3348.4092985264892,Toggle,1,2
182,11.93485975587599,3348.4092989943033,Toggle,1,2
183,11.934859756171143,3348.409299787546,Toggle,1,2
184,11.934859756494257,3348.4093006578723,Toggle,1,2
185,11.93485975675457,3348.4093013569345,Toggle,1,2
186,11.934859756861329,3348.4093016363854,Toggle,1,2
187,11.934859756728748,3348.40930126155,Toggle,1,2
188,11.934859756613639,3348.409300938527,Toggle,1,2
189,11.934859756651418,3348.4093010385986,Toggle,1,2
190,11.934859756770535,3348.4093013641773,Toggle,1,2
191,11.934859756899439,3348.4093017176747,Toggle,1,2
192,11.934859756966574,3348.4093019015045,Toggle,1,2
193,11.934859756900396,3348.4093017180776,Toggle,1,2
194,11.934859756678595,3348.4093011065224,Toggle,1,2
195,11.934859756490326,3348.4093005920545,Toggle,1,2
196,11.934859756349418,3348.4093002117625,Toggle,1,2
197,11.934859756240055,3348.409299920343,Toggle,1,2
198,11.934859756146414,3348.409299672493,Toggle,1,2
199,11.934859756052676,3348.4092994229077,Toggle,1,2
200,11.934859755943023,3348.4092991262833,Toggle,1,2
0,1.0e-6,200.0,Toggle,2,1
1,1.8325640477801077,195.29126804365282,Toggle,2,1
2,2.926965122828548,263.84912239508685,Toggle,2,1
3,3.2894898546836,360.94557941467735,Toggle,2,1
4,3.2639265281903143,453.243057504754,Toggle,2,1
5,3.100941761520725,527.5793262047453,Toggle,2,1
6,2.9236879228930563,582.4005969722267,Toggle,2,1
7,2.7859216443645693,620.9431601092049,Toggle,2,1
8,2.7088025076486653,647.8862827244778,Toggle,2,1
9,2.6985378382475154,667.9116414041035,Toggle,2,1
10,2.7544755094168587,685.143143664618,Toggle,2,1
11,2.8727919030880145,702.9755113598006,Toggle,2,1
12,3.048204841353696,724.0681217808605,Toggle,2,1
13,3.2748530318157165,750.4057796910095,Toggle,2,1
14,3.5468473757248016,783.3856725373329,Toggle,2,1
15,3.8586619390944126,823.9140725415737,Toggle,2,1
16,4.205366789516642,872.5040157926421,Toggle,2,1
17,4.582660664987036,929.3658896996158,Toggle,2,1
18,4.986694109439261,994.4825839662597,Toggle,2,1
19,5.413733292190845,1067.6626586020777,Toggle,2,1
20,5.859761779779948,1148.56905791288,Toggle,2,1
21,6.320133532441108,1236.726045410961,Toggle,2,1
22,6.789374728604292,1331.511581596301,Toggle,2,1
23,7.261193029226815,1432.1450785409656,Toggle,2,1
24,7.728701811412604,1537.6807463361238,Toggle,2,1
25,8.184816283513683,1647.014629777897,Toggle,2,1
26,8.62274067807273,1758.9095800530229,Toggle,2,1
27,9.036450729604658,1872.0378061578695,Toggle,2,1
28,9.421085375968326,1985.0365243349543,Toggle,2,1
29,9.773190975548008,2096.5695890382017,Toggle,2,1
30,10.090799299177132,2205.387210785439,Toggle,2,1
31,10.373354563135045,2310.3769274786982,Toggle,2,1
32,10.621527219838848,2410.601144551228,Toggle,2,1
33,10.836961426648877,2505.319181605735,Toggle,2,1
34,11.022000449778178,2593.9941729264,Toggle,2,1
35,11.179424383261818,2676.2868883498904,Toggle,2,1
36,11.312222463790388,2752.0394946805063,Toggle,2,1
37,11.42341098455888,2821.25263001543,Toggle,2,1
38,11.51589884079084,2884.05892412436,Toggle,2,1
39,11.59239695302824,2940.6955684546647,Toggle,2,1
40,11.655364733388804,2991.477902816229,Toggle,2,1
41,11.70698558927487,3036.775368121569,Toggle,2,1
42,11.74916371057672,3076.990587382841,Toggle,2,1
43,11.783535397741732,3112.5418942564484,Toggle,2,1
44,11.811489439841424,3143.8493093784787,Toggle,2,1
45,11.834192250240013,3171.323736763278,Toggle,2,1
46,11.852614898751227,3195.3590208674377,Toggle,2,1
47,11.867559746390402,3216.326471256958,Toggle,2,1
48,11.87968563790689,3234.571414183676,Toggle,2,1
49,11.889530660004715,3250.4113437029296,Toggle,2,1
50,11.89753240965605,3264.135368361108,Toggle,2,1
51,11.904045434553066,3276.004552647329,Toggle,2,1
52,11.909356231710454,3286.252980352781,Toggle,2,1
53,11.913695761806693,3295.089222572056,Toggle,2,1
54,11.917249968229374,3302.698140115091,Toggle,2,1
55,11.920168374476768,3309.242785674874,Toggle,2,1
56,11.922571196996975,3314.866402515163,Toggle,2,1
57,11.92455507619573,3319.694356680676,Toggle,2,1
58,11.926197764396674,3323.8360333573914,Toggle,2,1
59,11.927561867969498,3327.3865923911944,Toggle,2,1
60,11.928697882336342,3330.428624032935,Toggle,2,1
61,11.929646601038076,3333.033644653176,Toggle,2,1
62,11.93044105310464,3335.2634631950436,Toggle,2,1
63,11.931108064854016,3337.1714201844775,Toggle,2,1
64,11.931669456989766,3338.803459074939,Toggle,2,1
65,11.932143048948745,3340.199120641964,Toggle,2,1
66,11.932543433911757,3341.3923823729992,Toggle,2,1
67,11.932882599473043,3342.4124153729285,Toggle,2,1
68,11.933170430191112,3343.2842495655095,Toggle,2,1
69,11.933415099007462,3344.0293344622264,Toggle,2,1
70,11.933623388043507,3344.666046189495,Toggle,2,1
71,11.933800944254507,3345.210119946913,Toggle,2,1
72,11.933952481431154,3345.6750168130097,Toggle,2,1
73,11.934081948453404,3346.0722538686637,Toggle,2,1
74,11.934192662132249,3346.4116796655785,Toggle,2,1
75,11.934287414769496,3346.701711173348,Toggle,2,1
76,11.934368564312019,3346.949544094469,Toggle,2,1
77,11.93443810575072,3347.1613270516414,Toggle,2,1
78,11.934497729212133,3347.342309865111,Toggle,2,1
79,11.934548871639423,3347.4969804461166,Toggle,2,1
80,11.934592755957079,3347.629173464206,Toggle,2,1
81,11.934630424330093,3347.7421638680553,Toggle,2,1
82,11.934662765238253,3347.8387475120653,Toggle,2,1
83,11.934690537510422,3347.921312214069,Toggle,2,1
84,11.934714390330653,3347.9918981220526,Toggle,2,1
85,11.934734879538361,3348.0522480646678,Toggle,2,1
86,11.934752481173952,3348.1038504509015,Toggle,2,1
87,11.934767603146774,3348.147976492471,Toggle,2,1
88,11.934780595299502,3348.1857122496194,Toggle,2,1
89,11.934791757870967,3348.21798568768,Toggle,2,1
90,11.934801348604381,3348.2455896510655,Toggle,2,1
91,11.934809588787756,3348.269201532658,Toggle,2,1
92,11.934816668460385,3348.2894001638665,Toggle,2,1
93,11.934822750885143,3348.3066802301114,Toggle,2,1
94,11.934827976351306,3348.321464528761,Toggle,2,1
95,11.934832465410832,3348.3341144272076,Toggle,2,1
96,11.934836321669593,3348.344938808667,Toggle,2,1
97,11.934839633952349,3348.3542011052755,Toggle,2,1
98,11.934842478733827,3348.362126930957,Toggle,2,1
99,11.934844922095676,3348.368910314391,Toggle,2,1
100,11.934847020735637,3348.3747169339463,Toggle,2,1
101,11.934848822970116,3348.379687048021,Toggle,2,1
102,11.93485037075335,3348.383941993487,Toggle,2,1
103,11.934851699919289,3348.387584829581,Toggle,2,1
104,11.934852841136031,3348.390703347692,Toggle,2,1
105,11.934853820902243,3348.39337307357,Toggle,2,1
106,11.934854662105078,3348.3956590107996,Toggle,2,1
107,11.934855384282235,3348.3976163912107,Toggle,2,1
108,11.934856004200547,3348.39929239019,Toggle,2,1
109,11.93485653637259,3348.4007277110854,Toggle,2,1
110,11.934856993178615,3348.4019569178995,Toggle,2,1
111,11.934857385234938,3348.403009545193,Toggle,2,1
112,11.934857721703299,3348.4039109913965,Toggle,2,1
113,11.93485801048492,3348.4046831037886,Toggle,2,1
114,11.93485825830721,3348.405344409104,Toggle,2,1
115,11.934858470963416,3348.4059108094616,Toggle,2,1
116,11.934858653437463,3348.4063959423856,Toggle,2,1
117,11.934858809933171,3348.4068112804825,Toggle,2,1
118,11.934858944210236,3348.4071670539142,Toggle,2,1
119,11.934859059279118,3348.4074714199187,Toggle,2,1
120,11.934859158132152,3348.407732533074,Toggle,2,1
121,11.934859242765356,3348.4079557120567,Toggle,2,1
122,11.93485931555828,3348.4081474599257,Toggle,2,1
123,11.934859377934128,3348.40831152907,Toggle,2,1
124,11.934859431531713,3348.40845235749,Toggle,2,1
125,11.934859477544608,3348.4085731216214,Toggle,2,1
126,11.934859517017173,3348.408676600666,Toggle,2,1
127,11.934859550904171,3348.408765343594,Toggle,2,1
128,11.934859579957335,3348.4088413446457,Toggle,2,1
129,11.934859604841472,3348.4089063585448,Toggle,2,1
130,11.934859626069212,3348.4089617403943,Toggle,2,1
131,11.934859644270242,3348.409009184839,Toggle,2,1
132,11.934859659970275,3348.4090500931216,Toggle,2,1
133,11.93485967316197,3348.4090843738263,Toggle,2,1
134,11.934859684376477,3348.409113473512,Toggle,2,1
135,11.934859694248672,3348.4091391328225,Toggle,2,1
136,11.934859702675288,3348.4091610141163,Toggle,2,1
137,11.934859709688793,3348.409179169553,Toggle,2,1
138,11.934859715812507,3348.4091950362476,Toggle,2,1
139,11.93485972133953,3348.409209409062,Toggle,2,1
140,11.934859725976349,3348.40922144533,Toggle,2,1
141,11.934859729938244,3348.409231720587,Toggle,2,1
142,11.934859733470027,3348.409240893912,Toggle,2,1
143,11.934859736558886,3348.4092489266063,Toggle,2,1
144,11.934859739205622,3348.409255808115,Toggle,2,1
145,11.934859741472547,3348.4092616924627,Toggle,2,1
146,11.934859743420928,3348.4092667403334,Toggle,2,1
147,11.934859745094508,3348.409271075407,Toggle,2,1
148,11.934859746526978,3348.409274783324,Toggle,2,1
149,11.934859747745017,3348.409277930285,Toggle,2,1
150,11.934859748749567,3348.4092805141654,Toggle,2,1
151,11.934859749598415,3348.4092826938104,Toggle,2,1
152,11.934859750358488,3348.409284653533,Toggle,2,1
153,11.934859751006757,3348.4092863253895,Toggle,2,1
154,11.934859751535946,3348.40928768475,Toggle,2,1
155,11.934859752002914,3348.4092888865607,Toggle,2,1
156,11.93485975243819,3348.4092900139412,Toggle,2,1
157,11.934859752797031,3348.4092909437445,Toggle,2,1
158,11.934859753091422,3348.409291706259,Toggle,2,1
159,11.934859753338738,3348.409292346459,Toggle,2,1
160,11.934859753556365,3348.4092929093213,Toggle,2,1
161,11.934859753761684,3348.4092934398213,Toggle,2,1
162,11.934859753955019,3348.4092939405086,Toggle,2,1
163,11.934859754121034,3348.409294373114,Toggle,2,1
164,11.934859754262893,3348.4092947442527,Toggle,2,1
165,11.934859754383934,3348.4092950609306,Toggle,2,1
166,11.934859754487483,3348.409295330151,Toggle,2,1
167,11.93485975457716,3348.40929555976,Toggle,2,1
168,11.934859754672411,3348.409295804759,Toggle,2,1
169,11.934859754778454,3348.4092960811013,Toggle,2,1
170,11.934859754888246,3348.4092963693774,Toggle,2,1
171,11.934859754994745,3348.409296650176,Toggle,2,1
172,11.93485975509091,3348.4092969040894,Toggle,2,1
173,11.934859755169702,3348.4092971117057,Toggle,2,1
174,11.934859755224076,3348.4092972536155,Toggle,2,1
175,11.934859755246995,3348.4092973104084,Toggle,2,1
176,11.934859755238715,3348.409297282409,Toggle,2,1
177,11.934859755255324,3348.409297321065,Toggle,2,1
178,11.93485975530081,3348.409297437469,Toggle,2,1
179,11.934859755363734,3348.409297601048,Toggle,2,1
180,11.934859755432656,3348.4092977812284,Toggle,2,1
181,11.934859755496138,3348.4092979474367,Toggle,2,1
182,11.934859755542734,3348.409298069099,Toggle,2,1
183,11.934859755561007,3348.4092981156423,Toggle,2,1
184,11.934859755539517,3348.409298056493,Toggle,2,1
185,11.934859755486974,3348.4092979146153,Toggle,2,1
186,11.934859755456706,3348.4092978316958,Toggle,2,1
187,11.934859755446348,3348.4092978015933,Toggle,2,1
188,11.934859755449141,3348.4092978065155,Toggle,2,1
189,11.934859755458316,3348.4092978286667,Toggle,2,1
190,11.934859755467123,3348.409297850255,Toggle,2,1
191,11.934859755468798,3348.4092978534854,Toggle,2,1
192,11.934859755456582,3348.4092978205654,Toggle,2,1
193,11.934859755423714,3348.4092977337,Toggle,2,1
194,11.934859755380117,3348.409297618714,Toggle,2,1
195,11.93485975534309,3348.4092975208873,Toggle,2,1
196,11.934859755311997,3348.409297438612,Toggle,2,1
197,11.93485975528614,3348.4092973701668,Toggle,2,1
198,11.934859755264831,3348.4092973138313,Toggle,2,1
199,11.934859755247375,3348.409297267885,Toggle,2,1
200,11.934859755233084,3348.409297230606,Toggle,2,1
0,1.0e-6,100.0,Toggle,2,2
1,0.7498524143441571,95.18886654369359,Toggle,2,2
2,1.1038708359102811,119.93731080125592,Toggle,2,2
3,1.1079963053672113,151.65340086775151,Toggle,2,2
4,0.9823106625250327,176.42635669698666,Toggle,2,2
5,0.8341422056555302,191.13081280418123,Toggle,2,2
6,0.7000113204372979,196.9190244287247,Toggle,2,2
7,0.5893445253899139,195.99552886925872,Toggle,2,2
8,0.5019075010484427,190.49516142115536,Toggle,2,2
9,0.4342593736245216,182.15558839591972,Toggle,2,2
10,0.38219464179818435,172.2711742194612,Toggle,2,2
11,0.34168429430732683,161.74188684521084,Toggle,2,2
12,0.309244376620259,151.14875225403048,Toggle,2,2
13,0.2820807751032736,140.83105848875414,Toggle,2,2
14,0.25812933588425346,130.95665939276682,Toggle,2,2
15,0.23602222583418989,121.58211562806153,Toggle,2,2
16,0.2149908406938572,112.7009686236107,Toggle,2,2
17,0.19472405176448837,104.27929006008166,Toggle,2,2
18,0.17521154329251953,96.27883223982103,Toggle,2,2
19,0.15660184144504052,88.66946809444366,Toggle,2,2
20,0.13909399294261013,81.43357937021763,Toggle,2,2
21,0.12286817779469802,74.56531725288778,Toggle,2,2
22,0.10805035964464303,68.06728724648254,Toggle,2,2
23,0.0947014938130708,61.94650475371024,Toggle,2,2
24,0.08282163827248168,56.2107291051048,Toggle,2,2
25,0.072361357611339,50.865689625047814,Toggle,2,2
26,0.06323537552085509,45.913321633952805,Toggle,2,2
27,0.055335573979716245,41.350911879625706,Toggle,2,2
28,0.04854198352687509,37.17095476318345,Toggle,2,2
29,0.04273132718211376,33.36150716394666,Toggle,2,2
30,0.03778319234494287,29.90684770565733,Toggle,2,2
31,0.033584148594423074,26.78828576826874,Toggle,2,2
32,0.03003020748465237,23.98500636246942,Toggle,2,2
33,0.027028021299647664,21.474873270799574,Toggle,2,2
34,0.024495174293875963,19.235143528074097,Toggle,2,2
35,0.02235986001510225,17.243069926193176,Toggle,2,2
36,0.020560173904782767,15.476384561506677,Toggle,2,2
37,0.01904319551839461,13.913667549175472,Toggle,2,2
38,0.017763983941296333,12.53461187267583,Toggle,2,2
39,0.016684570037143836,11.320198590391083,Toggle,2,2
40,0.015772997569244468,10.252797516630906,Toggle,2,2
41,0.015002444642385324,9.316208464672592,Toggle,2,2
42,0.01435043950786851,8.495656688371822,Toggle,2,2
43,0.013798173915382463,7.777754254195042,Toggle,2,2
44,0.013329910828094335,7.150437255103307,Toggle,2,2
45,0.012932480407056171,6.6028875164605685,Toggle,2,2
46,0.012594852824265172,6.125444272645762,Toggle,2,2
47,0.012307782008826373,5.709512156273998,Toggle,2,2
48,0.012063506289188319,5.347467654326649,Toggle,2,2
49,0.011855501106197448,5.03256848553564,Toggle,2,2
50,0.011678272488582667,4.758865766179833,Toggle,2,2
51,0.011527187334196444,4.52112239406447,Toggle,2,2
52,0.011398331602782977,4.314736041230208,Toggle,2,2
53,0.011288394060210809,4.135669437270603,Toggle,2,2
54,0.011194568807468988,3.9803857216343173,Toggle,2,2
55,0.01111447533231167,3.8457909050525005,Toggle,2,2
56,0.011046091145250628,3.7291811705852322,Toggle,2,2
57,0.010987696348157206,3.628196484387086,Toggle,2,2
58,0.010937826697485692,3.540778520584919,Toggle,2,2
59,0.010895234784211508,3.4651338691869698,Toggle,2,2
60,0.010858857021836348,3.399700944990373,Toggle,2,2
61,0.010827786168744876,3.343121139326367,Toggle,2,2
62,0.01080124797671763,3.2942131936452608,Toggle,2,2
63,0.01077858125154514,3.2519504380243833,Toggle,2,2
64,0.010759221554078362,3.215441473612353,Toggle,2,2
65,0.010742686649486535,3.183912370009752,Toggle,2,2
66,0.01072856463866017,3.156691775014789,Toggle,2,2
67,0.010716503658227178,3.1331975402157446,Toggle,2,2
68,0.01070620302524654,3.112924959763878,Toggle,2,2
69,0.010697405924276652,3.0954368628724196,Toggle,2,2
70,0.0106898929362338,3.080354602564428,Toggle,2,2
71,0.010683476588403719,3.06735033323044,Toggle,2,2
72,0.010677996788651965,3.0561404249224076,Toggle,2,2
73,0.010673316762901576,3.0464794691258206,Toggle,2,2
74,0.010669319689353453,3.0381552419061832,Toggle,2,2
75,0.01066590582356195,3.0309843266195227,Toggle,2,2
76,0.010662989961184928,3.024808176750521,Toggle,2,2
77,0.010660499344879108,3.0194898252942775,Toggle,2,2
78,0.01065837188889727,3.014911050880439,Toggle,2,2
79,0.010656554543514168,3.0109697213763265,Toggle,2,2
80,0.010655002002457796,3.007577666367091,Toggle,2,2
81,0.010653675586547185,3.0046588124848665,Toggle,2,2
82,0.010652542289300996,3.0021475588359543,Toggle,2,2
83,0.010651573933259785,2.9999873324185304,Toggle,2,2
84,0.010650746453209204,2.9981293436696506,Toggle,2,2
85,0.010650039298465298,2.9965315311654224,Toggle,2,2
86,0.010649434925107726,2.9951576509299693,Toggle,2,2
87,0.010648918355866807,2.9939764787225376,Toggle,2,2
88,0.010648476800642655,2.992961115151045,Toggle,2,2
89,0.010648099335853492,2.9920883908564972,Toggle,2,2
90,0.010647776632502447,2.9913383549393004,Toggle,2,2
91,0.010647500723751127,2.9906938322161642,Toggle,2,2
92,0.010647264805302217,2.990140039230939,Toggle,2,2
93,0.010647063064850273,2.9896642528526725,Toggle,2,2
94,0.010646890537105212,2.989255525173621,Toggle,2,2
95,0.010646742980281221,2.9889044377166556,Toggle,2,2
96,0.010646616770508174,2.9886028880801683,Toggle,2,2
97,0.010646508818726922,2.988343925514841,Toggle,2,2
98,0.01064641648075518,2.9881215608357863,Toggle,2,2
99,0.010646337483616502,2.9879306185739285,Toggle,2,2
100,0.010646269887352058,2.987766657688991,Toggle,2,2
101,0.010646212050621232,2.9876258915899476,Toggle,2,2
102,0.010646162554104093,2.987505033228296,Toggle,2,2
103,0.010646120192896508,2.9874012747823913,Toggle,2,2
104,0.010646083941177796,2.98731221326479,Toggle,2,2
105,0.010646052916812816,2.9872357730515273,Toggle,2,2
106,0.010646026360889297,2.98717016181359,Toggle,2,2
107,0.010646003628868436,2.9871138500467933,Toggle,2,2
108,0.010645984170508086,2.9870655252791534,Toggle,2,2
109,0.010645967511221831,2.9870240519682274,Toggle,2,2
110,0.010645953248202441,2.9869884615185716,Toggle,2,2
111,0.010645941037408799,2.98695792374045,Toggle,2,2
112,0.010645930583089123,2.986931722385933,Toggle,2,2
113,0.010645921630928834,2.9869092399944694,Toggle,2,2
114,0.010645913965354838,2.986889951020263,Toggle,2,2
115,0.010645907401406612,2.9868734030082584,Toggle,2,2
116,0.010645901780522651,2.986859206899449,Toggle,2,2
117,0.010645896969351277,2.9868470345288824,Toggle,2,2
118,0.010645892849023989,2.9868365925412674,Toggle,2,2
119,0.010645889324812084,2.9868276462119443,Toggle,2,2
120,0.010645886301941744,2.9868199619364892,Toggle,2,2
121,0.010645883718775563,2.9868133844381726,Toggle,2,2
122,0.010645881499710916,2.986807727945507,Toggle,2,2
123,0.010645879601316828,2.986802881814695,Toggle,2,2
124,0.010645877972058262,2.9867987183018743,Toggle,2,2
125,0.01064587657512545,2.986795144505386,Toggle,2,2
126,0.010645875378314207,2.9867920791625866,Toggle,2,2
127,0.010645874352076326,2.986789447962815,Toggle,2,2
128,0.010645873473311012,2.986787192415051,Toggle,2,2
129,0.010645872721706138,2.9867852608484067,Toggle,2,2
130,0.010645872081572865,2.9867836134223973,Toggle,2,2
131,0.010645871533245619,2.9867822010469904,Toggle,2,2
132,0.010645871060483326,2.986780982794718,Toggle,2,2
133,0.01064587066445065,2.9867799595468463,Toggle,2,2
134,0.01064587032833676,2.9867790898391777,Toggle,2,2
135,0.010645870031896564,2.9867783240580392,Toggle,2,2
136,0.010645869779134533,2.986777670488066,Toggle,2,2
137,0.010645869569496742,2.9867771267424006,Toggle,2,2
138,0.01064586938626566,2.9867766519235817,Toggle,2,2
139,0.010645869220208642,2.9867762231658284,Toggle,2,2
140,0.010645869081178915,2.986775863551684,Toggle,2,2
141,0.010645868962503658,2.9867755563180434,Toggle,2,2
142,0.010645868856534797,2.9867752823845604,Toggle,2,2
143,0.010645868763727797,2.9867750427686857,Toggle,2,2
144,0.010645868684223169,2.986774837457456,Toggle,2,2
145,0.010645868616252885,2.9867746616470723,Toggle,2,2
146,0.010645868557958545,2.9867745105787167,Toggle,2,2
147,0.010645868507897161,2.986774380820512,Toggle,2,2
148,0.010645868465082229,2.9867742697661157,Toggle,2,2
149,0.010645868428753567,2.986774175357502,Toggle,2,2
150,0.010645868398942167,2.9867740975416317,Toggle,2,2
151,0.010645868373800327,2.98677403180207,Toggle,2,2
152,0.010645868351183614,2.986773972906926,Toggle,2,2
153,0.010645868331888875,2.9867739226727843,Toggle,2,2
154,0.010645868316208795,2.9867738816867058,Toggle,2,2
155,0.010645868302342583,2.9867738455104043,Toggle,2,2
156,0.010645868289324501,2.9867738117620206,Toggle,2,2
157,0.010645868278587978,2.98677378393816,Toggle,2,2
158,0.010645868269784024,2.9867737611130494,Toggle,2,2
159,0.010645868262392938,2.9867737419394005,Toggle,2,2
160,0.010645868255895021,2.9867737250699276,Toggle,2,2
161,0.010645868249770577,2.9867737091573443,Toggle,2,2
162,0.010645868243988341,2.986773694168987,Toggle,2,2
163,0.010645868238989173,2.986773681287925,Toggle,2,2
164,0.010645868234698588,2.9867736702746015,Toggle,2,2
165,0.010645868231037624,2.9867736608772812,Toggle,2,2
166,0.010645868227927315,2.9867736528442297,Toggle,2,2
167,0.010645868225278883,2.986773645901077,Toggle,2,2
168,0.010645868222451399,2.9867736385221155,Toggle,2,2
169,0.010645868219257644,2.9867736302935923,Toggle,2,2
170,0.01064586821592327,2.9867736217659306,Toggle,2,2
171,0.010645868212673918,2.9867736134895524,Toggle,2,2
172,0.010645868209735239,2.9867736060148804,Toggle,2,2
173,0.010645868207332872,2.986773599892338,Toggle,2,2
174,0.010645868205692475,2.9867735956723473,Toggle,2,2
175,0.010645868205039684,2.986773593905331,Toggle,2,2
176,0.010645868205371216,2.9867735945724645,Toggle,2,2
177,0.01064586820493029,2.9867735933015584,Toggle,2,2
178,0.01064586820358784,2.9867735897802676,Toggle,2,2
179,0.010645868201698123,2.9867735848992374,Toggle,2,2
180,0.010645868199615393,2.986773579549114,Toggle,2,2
181,0.01064586819769391,2.9867735746205435,Toggle,2,2
182,0.010645868196287923,2.986773571004172,Toggle,2,2
183,0.010645868195751697,2.9867735695906457,Toggle,2,2
184,0.010645868196439487,2.9867735712706116,Toggle,2,2
185,0.010645868198085573,2.9867735753672124,Toggle,2,2
186,0.010645868199049228,2.986773577731695,Toggle,2,2
187,0.010645868199401337,2.9867735785479406,Toggle,2,2
188,0.01064586819934772,2.9867735783411526,Toggle,2,2
189,0.0106458681990942,2.986773577636538,Toggle,2,2
190,0.010645868198846603,2.9867735769593002,Toggle,2,2
191,0.010645868198810747,2.9867735768346457,Toggle,2,2
192,0.010645868199192452,2.9867735777877793,Toggle,2,2
193,0.010645868200197545,2.9867735803439053,Toggle,2,2
194,0.010645868201527773,2.9867735837333504,Toggle,2,2
195,0.010645868202659845,2.9867735866121703,Toggle,2,2
196,0.010645868203612208,2.98677358903029,Toggle,2,2
197,0.010645868204404626,2.986773591041002,Toggle,2,2
198,0.010645868205056858,2.986773592697596,Toggle,2,2
199,0.010645868205588665,2.9867735940533646,Toggle,2,2
200,0.010645868206019808,2.9867735951615977,Toggle,2,2
